,STA,WindGustSpd,MaxTemp,MinTemp,MeanTemp,YR,MO,DA,DR,SPD,MAX,MIN,MEA,SND,FT,FB,FTI,ITH,PGT,SD3,RHX,RHN,RVG,WTE
count,119040.0,532.0,119040.0,119040.0,119040.0,119040.0,119040.0,119040.0,533.0,532.0,118566.0,118572.0,118542.0,5563.0,0.0,0.0,0.0,0.0,525.0,0.0,0.0,0.0,0.0,0.0
mean,29659.43579469086,37.774533834586464,27.045110887087183,17.78951052859451,22.41163101152127,43.805283938172046,6.726016465053763,15.797530241935483,26.99812382739212,20.396616541353385,81.00374474975963,64.27380831899605,72.64484317794538,0.0,,,,,12.085333333333333,,,,,
std,20953.209401551867,10.297807589275774,8.717816648549258,8.334571849771374,8.29798219388299,1.1367182728727212,3.4255605967724523,8.794540734025183,15.221731974151583,5.560371268507437,14.869361066103604,14.481497830536702,14.211081548214437,0.0,,,,,5.7313283079080355,,,,,
min,10001.0,18.52,-33.33333333,-38.33333333,-35.55555556,40.0,1.0,1.0,2.0,10.0,-28.0,-37.0,-32.0,0.0,,,,,0.0,,,,,
25%,11801.0,29.632,25.55555556,15.0,20.55555556,43.0,4.0,8.0,11.0,16.0,78.0,59.0,69.0,0.0,,,,,8.5,,,,,
50%,22508.0,37.04,29.44444444,21.11111111,25.55555556,44.0,7.0,16.0,32.0,20.0,85.0,70.0,78.0,0.0,,,,,11.6,,,,,
75%,33501.0,43.059,31.66666667,23.33333333,27.22222222,45.0,10.0,23.0,34.0,23.25,89.0,74.0,81.0,0.0,,,,,15.0,,,,,
max,82506.0,75.932,50.0,34.44444444,40.0,45.0,12.0,31.0,78.0,41.0,122.0,94.0,104.0,0.0,,,,,23.9,,,,,
